Sample File,C:\Users\Public\Documents\Aerosol Instrument Manager\AIM1.6.C10
Model,3010

Sample #,4195,
Start Date,12/22/25,
Start Time,07:00:21,
Sample Length,01:45,
Averaging Interval (secs),1,
Title,,
Instrument ID,3010   F ,
Instrument Errors,None,

Mean,6395.32,
Min,4600.44,
Max,8122.26,
Std. Dev.,814.303,

Elapsed (s),Concentration (#/cm³),
1,4600.44,
2,4636.5,
3,4682.7,
4,4742.4,
5,4802.82,
6,4872.12,
7,4908.96,
8,4922.22,
9,4928.16,
10,5016,
11,5026.2,
12,5057.16,
13,5175.78,
14,5295.42,
15,5409.3,
16,5592.36,
17,5703.06,
18,5812.68,
19,5941.2,
20,6059.88,
21,6154.32,
22,6229.38,
23,6252.48,
24,6369.72,
25,6400.8,
26,6477.84,
27,6554.04,
28,6632.58,
29,6744.42,
30,6803.88,
31,6910.2,
32,6973.92,
33,7065,
34,7151.58,
35,7173.84,
36,7285.38,
37,7300.74,
38,7426.74,
39,7503.84,
40,7642.02,
41,7761.18,
42,7900.8,
43,8035.08,
44,8122.26,
45,8078.16,
46,7863.18,
47,7610.16,
48,7225.86,
49,6951.78,
50,6707.4,
51,6474.36,
52,6295.68,
53,6146.04,
54,6020.28,
55,5957.64,
56,5866.74,
57,5803.08,
58,5804.1,
59,5918.22,
60,6160.98,
61,6441.66,
62,6589.62,
63,6722.7,
64,6855.78,
65,6996.48,
66,7102.44,
67,7220.46,
68,7267.44,
69,7267.74,
70,7327.26,
71,7285.26,
72,7188.24,
73,7044.9,
74,6856.2,
75,6713.52,
76,6622.26,
77,6561.84,
78,6408.9,
79,6303.12,
80,6213.3,
81,6215.28,
82,6197.22,
83,6204.6,
84,6225.84,
85,6207.06,
86,6230.04,
87,6243.6,
88,6238.14,
89,6275.94,
90,6281.16,
91,6371.64,
92,6419.4,
93,6490.2,
94,6555.66,
95,6577.32,
96,6602.82,
97,6678.06,
98,6711.3,
99,6581.28,
100,6325.86,
101,6069.12,
102,5895.6,
103,5897.34,
104,5996.88,
105,6087,

Comment for Sample 4195:,

Sample File,C:\Users\Public\Documents\Aerosol Instrument Manager\AIM1.6.C10
Model,3010

Sample #,4196,
Start Date,12/22/25,
Start Time,07:02:21,
Sample Length,01:45,
Averaging Interval (secs),1,
Title,,
Instrument ID,3010   F ,
Instrument Errors,None,

Mean,3092.93,
Min,2439.72,
Max,4950.42,
Std. Dev.,783.315,

Elapsed (s),Concentration (#/cm³),
1,4576.98,
2,4568.16,
3,4531.98,
4,4500.42,
5,4487.58,
6,4502.28,
7,4602.72,
8,4662.66,
9,4765.02,
10,4877.52,
11,4916.7,
12,4938.3,
13,4950.42,
14,4903.8,
15,4827.42,
16,4737.54,
17,4624.56,
18,4442.22,
19,4215.6,
20,4093.08,
21,3840.18,
22,3650.94,
23,3460.68,
24,3352.02,
25,3268.68,
26,3223.68,
27,3097.56,
28,2989.8,
29,2868.36,
30,2769.24,
31,2710.38,
32,2641.2,
33,2583.12,
34,2529.42,
35,2505.66,
36,2453.82,
37,2439.72,
38,2474.94,
39,2521.86,
40,2568.3,
41,2653.92,
42,2731.32,
43,2788.02,
44,2832.06,
45,2794.14,
46,2737.8,
47,2675.04,
48,2650.68,
49,2609.1,
50,2580.9,
51,2580.54,
52,2574.3,
53,2574.18,
54,2558.4,
55,2576.94,
56,2591.64,
57,2649.18,
58,2707.62,
59,2709.9,
60,2716.2,
61,2698.68,
62,2704.62,
63,2714.88,
64,2695.44,
65,2685.72,
66,2666.16,
67,2667.72,
68,2674.98,
69,2651.52,
70,2671.62,
71,2670.42,
72,2675.16,
73,2674.56,
74,2686.08,
75,2700.84,
76,2642.04,
77,2643.9,
78,2625.66,
79,2657.22,
80,2641.26,
81,2665.8,
82,2644.68,
83,2648.64,
84,2639.94,
85,2659.62,
86,2670.24,
87,2647.92,
88,2676.66,
89,2681.1,
90,2706.9,
91,2724.18,
92,2733.72,
93,2712.72,
94,2722.38,
95,2753.88,
96,2722.56,
97,2740.02,
98,2702.88,
99,2697,
100,2718.42,
101,2706.66,
102,2681.88,
103,2712.06,
104,2708.4,
105,2664.3,

Comment for Sample 4196:,

Sample File,C:\Users\Public\Documents\Aerosol Instrument Manager\AIM1.6.C10
Model,3010

Sample #,4197,
Start Date,12/22/25,
Start Time,07:04:21,
Sample Length,01:45,
Averaging Interval (secs),1,
Title,,
Instrument ID,3010   F ,
Instrument Errors,None,

Mean,3792.39,
Min,500.04,
Max,11728,
Std. Dev.,3218.17,

Elapsed (s),Concentration (#/cm³),
1,2931.54,
2,2941.62,
3,2973.96,
4,2946.78,
5,2905.5,
6,2853.78,
7,2817.6,
8,2851.86,
9,2841.84,
10,2863.62,
11,2846.46,
12,2869.92,
13,2873.7,
14,2890.74,
15,2903.64,
16,2909.16,
17,2959.68,
18,2949.96,
19,2921.58,
20,2918.7,
21,2902.38,
22,2874.42,
23,2865.36,
24,2813.16,
25,2873.28,
26,3733.5,
27,5781.06,
28,8236.86,
29,10086.3,
30,11073.4,
31,11464.6,
32,11607.6,
33,11728,
34,11681.7,
35,11193.1,
36,10390.5,
37,9701.28,
38,9128.82,
39,8605.2,
40,8012.28,
41,7500.18,
42,7009.14,
43,6600.18,
44,6260.22,
45,6066.48,
46,5972.34,
47,5938.38,
48,5891.52,
49,5856.48,
50,5824.92,
51,5844.66,
52,5802.6,
53,5833.92,
54,5890.44,
55,5930.04,
56,5926.98,
57,5858.4,
58,5821.2,
59,5751.72,
60,5686.68,
61,5677.56,
62,5584.5,
63,5574.54,
64,5469.12,
65,5091.48,
66,4903.5,
67,4661.82,
68,3158.88,
69,1570.32,
70,906.66,
71,776.7,
72,705.6,
73,637.32,
74,588.84,
75,549.42,
76,523.56,
77,517.8,
78,512.1,
79,500.94,
80,500.04,
81,503.52,
82,523.44,
83,522.72,
84,536.28,
85,544.2,
86,551.4,
87,574.86,
88,563.52,
89,558.42,
90,556.38,
91,560.34,
92,545.22,
93,533.34,
94,542.34,
95,539.46,
96,541.74,
97,546.66,
98,545.76,
99,546.66,
100,564.9,
101,555.6,
102,578.64,
103,577.38,
104,603.6,
105,582.6,

Comment for Sample 4197:,

Sample File,C:\Users\Public\Documents\Aerosol Instrument Manager\AIM1.6.C10
Model,3010

Sample #,4198,
Start Date,12/22/25,
Start Time,07:06:21,
Sample Length,01:45,
Averaging Interval (secs),1,
Title,,
Instrument ID,3010   F ,
Instrument Errors,None,

Mean,499.972,
Min,424.98,
Max,683.82,
Std. Dev.,66.9638,

Elapsed (s),Concentration (#/cm³),
1,647.1,
2,661.68,
3,651.3,
4,663.24,
5,665.1,
6,676.02,
7,675.96,
8,670.02,
9,683.82,
10,667.02,
11,662.4,
12,636.3,
13,614.58,
14,590.04,
15,585.72,
16,559.26,
17,539.22,
18,538.26,
19,530.7,
20,535.14,
21,516.6,
22,512.22,
23,521.28,
24,506.76,
25,515.52,
26,489.72,
27,484.92,
28,470.58,
29,465.54,
30,457.26,
31,440.64,
32,446.04,
33,455.82,
34,439.56,
35,433.68,
36,436.56,
37,424.98,
38,429.9,
39,433.56,
40,445.08,
41,437.1,
42,432.54,
43,440.34,
44,440.7,
45,457.14,
46,459,
47,459.54,
48,471.78,
49,473.76,
50,464.04,
51,471.6,
52,477.12,
53,465.66,
54,466.86,
55,473.76,
56,464.46,
57,472.14,
58,481.62,
59,470.04,
60,474.24,
61,494.22,
62,490.38,
63,496.8,
64,496.2,
65,506.1,
66,506.64,
67,501.84,
68,492.24,
69,495.6,
70,491.94,
71,487.02,
72,479.94,
73,473.94,
74,478.98,
75,475.98,
76,491.28,
77,483.84,
78,476.88,
79,481.02,
80,482.7,
81,477.18,
82,471.06,
83,484.14,
84,482.64,
85,490.44,
86,495.54,
87,485.58,
88,480.72,
89,474.6,
90,476.4,
91,467.04,
92,458.04,
93,449.64,
94,458.22,
95,446.1,
96,455.1,
97,445.38,
98,450.48,
99,463.02,
100,452.58,
101,455.28,
102,462.48,
103,464.76,
104,461.94,
105,472.62,

Comment for Sample 4198:,

Sample File,C:\Users\Public\Documents\Aerosol Instrument Manager\AIM1.6.C10
Model,3010

Sample #,4199,
Start Date,12/22/25,
Start Time,07:08:21,
Sample Length,01:45,
Averaging Interval (secs),1,
Title,,
Instrument ID,3010   F ,
Instrument Errors,None,

Mean,1114.58,
Min,430.68,
Max,2095.62,
Std. Dev.,595.824,

Elapsed (s),Concentration (#/cm³),
1,479.04,
2,477.96,
3,475.92,
4,477.72,
5,479.16,
6,482.7,
7,468.72,
8,485.28,
9,478.32,
10,471.78,
11,479.16,
12,475.86,
13,476.94,
14,471.6,
15,458.04,
16,462.72,
17,457.98,
18,451.74,
19,453.9,
20,452.22,
21,452.28,
22,448.74,
23,449.64,
24,462.84,
25,453.06,
26,435.24,
27,444,
28,442.92,
29,440.76,
30,441.72,
31,442.56,
32,447.3,
33,435.66,
34,437.04,
35,430.68,
36,445.08,
37,458.28,
38,485.46,
39,528.84,
40,604.5,
41,702,
42,833.04,
43,980.88,
44,1100.1,
45,1137.12,
46,1224.48,
47,1320.9,
48,1468.8,
49,1580.1,
50,1708.38,
51,1771.44,
52,1817.58,
53,1877.76,
54,1935,
55,2007.84,
56,2023.56,
57,2059.86,
58,2095.62,
59,2089.02,
60,2026.74,
61,1936.74,
62,1876.26,
63,1827,
64,1804.86,
65,1815.12,
66,1845.6,
67,1876.86,
68,1871.46,
69,1878.12,
70,1842.06,
71,1844.34,
72,1840.38,
73,1809.06,
74,1789.8,
75,1767.12,
76,1749.78,
77,1736.94,
78,1704,
79,1692.3,
80,1647.42,
81,1626.48,
82,1640.22,
83,1584.66,
84,1600.32,
85,1555.8,
86,1512.66,
87,1464.18,
88,1382.52,
89,1323,
90,1313.76,
91,1278.72,
92,1248,
93,1244.52,
94,1226.4,
95,1194.36,
96,1154.82,
97,1096.86,
98,1046.4,
99,982.14,
100,914.28,
101,873.6,
102,839.28,
103,811.68,
104,811.08,
105,785.94,

Comment for Sample 4199:,

Sample File,C:\Users\Public\Documents\Aerosol Instrument Manager\AIM1.6.C10
Model,3010

Sample #,4200,
Start Date,12/22/25,
Start Time,07:10:21,
Sample Length,01:45,
Averaging Interval (secs),1,
Title,,
Instrument ID,3010   F ,
Instrument Errors,None,

Mean,2120.93,
Min,599.22,
Max,5308.92,
Std. Dev.,1562.46,

Elapsed (s),Concentration (#/cm³),
1,1080.66,
2,1100.34,
3,1089.66,
4,1096.68,
5,1086.96,
6,1099.86,
7,1098.24,
8,1075.86,
9,1085.22,
10,1091.52,
11,1072.68,
12,1072.56,
13,1064.76,
14,1071.78,
15,1066.8,
16,1041.3,
17,1005.48,
18,945.96,
19,906.3,
20,874.32,
21,839.88,
22,835.2,
23,802.02,
24,807.6,
25,808.68,
26,817.2,
27,820.02,
28,826.14,
29,818.34,
30,818.76,
31,794.7,
32,780.12,
33,779.04,
34,744.06,
35,730.86,
36,701.64,
37,678.9,
38,667.02,
39,649.38,
40,628.44,
41,632.64,
42,618.6,
43,602.4,
44,599.22,
45,606.6,
46,625.92,
47,661.02,
48,771.6,
49,996.48,
50,1368.48,
51,1901.04,
52,2474.46,
53,2903.7,
54,3297.36,
55,3666.78,
56,4018.8,
57,4335.84,
58,4619.28,
59,4917.54,
60,5161.2,
61,5282.1,
62,5308.92,
63,5273.58,
64,5190.48,
65,5076.54,
66,4955.52,
67,4903.98,
68,4851.96,
69,4798.02,
70,4696.14,
71,4629.48,
72,4522.26,
73,4431.78,
74,4314.42,
75,4241.94,
76,4163.58,
77,4140.18,
78,4083.9,
79,3982.02,
80,3822.84,
81,3587.28,
82,3341.04,
83,3114.24,
84,2842.44,
85,2590.62,
86,2330.7,
87,2120.94,
88,1943.28,
89,1832.76,
90,1705.5,
91,1644.18,
92,1578.06,
93,1525.26,
94,1493.04,
95,1480.62,
96,1494.6,
97,1523.58,
98,1572.3,
99,1639.26,
100,1653.18,
101,1659,
102,1608.78,
103,1577.34,
104,1528.38,
105,1487.7,

Comment for Sample 4200:,

Sample File,C:\Users\Public\Documents\Aerosol Instrument Manager\AIM1.6.C10
Model,3010

Sample #,4201,
Start Date,12/22/25,
Start Time,07:12:21,
Sample Length,01:45,
Averaging Interval (secs),1,
Title,,
Instrument ID,3010   F ,
Instrument Errors,None,

Mean,595.574,
Min,421.26,
Max,891.66,
Std. Dev.,121.648,

Elapsed (s),Concentration (#/cm³),
1,696.72,
2,691.5,
3,665.64,
4,630.6,
5,615.48,
6,592.2,
7,576.66,
8,555.12,
9,541.14,
10,563.76,
11,576.18,
12,593.76,
13,610.56,
14,606.9,
15,599.28,
16,597.84,
17,611.4,
18,611.94,
19,610.38,
20,597.06,
21,582.06,
22,575.16,
23,551.16,
24,544.02,
25,514.26,
26,510.24,
27,505.26,
28,522.72,
29,552.96,
30,616.68,
31,668.4,
32,710.28,
33,746.64,
34,771,
35,758.1,
36,767.34,
37,778.8,
38,805.68,
39,804.78,
40,801.12,
41,779.4,
42,735.96,
43,699.12,
44,674.52,
45,678.72,
46,686.64,
47,690.06,
48,683.16,
49,640.62,
50,608.4,
51,583.08,
52,556.14,
53,529.5,
54,517.2,
55,512.82,
56,500.88,
57,485.16,
58,474.96,
59,468.72,
60,461.64,
61,441.9,
62,433.74,
63,437.7,
64,438.9,
65,432.66,
66,439.02,
67,431.58,
68,432.3,
69,435.6,
70,427.56,
71,449.04,
72,421.26,
73,424.8,
74,423.3,
75,423,
76,422.7,
77,431.64,
78,456.9,
79,522.54,
80,595.98,
81,681,
82,741.06,
83,797.76,
84,856.32,
85,881.7,
86,891.66,
87,839.52,
88,804.36,
89,760.56,
90,736.5,
91,686.28,
92,648.06,
93,615.06,
94,581.22,
95,554.34,
96,551.46,
97,556.74,
98,563.94,
99,579.9,
100,569.22,
101,540.72,
102,526.14,
103,495.36,
104,480.78,
105,475.98,

Comment for Sample 4201:,

Sample File,C:\Users\Public\Documents\Aerosol Instrument Manager\AIM1.6.C10
Model,3010

Sample #,4202,
Start Date,12/22/25,
Start Time,07:14:21,
Sample Length,01:45,
Averaging Interval (secs),1,
Title,,
Instrument ID,3010   F ,
Instrument Errors,None,

Mean,585.049,
Min,0,
Max,2396.88,
Std. Dev.,286.375,

Elapsed (s),Concentration (#/cm³),
1,840.72,
2,961.2,
3,1069.74,
4,1131.18,
5,1195.08,
6,1220.94,
7,1226.4,
8,0,
9,2396.88,
10,0,
11,1094.34,
12,1014.42,
13,935.22,
14,899.76,
15,855.48,
16,840.96,
17,827.46,
18,812.28,
19,796.74,
20,758.88,
21,717.12,
22,672.24,
23,626.28,
24,574.56,
25,534.96,
26,484.74,
27,467.1,
28,448.98,
29,424.44,
30,412.02,
31,396.9,
32,396.42,
33,391.92,
34,383.76,
35,386.22,
36,391.08,
37,377.34,
38,383.7,
39,384.24,
40,397.02,
41,400.92,
42,394.44,
43,400.92,
44,400.32,
45,395.58,
46,398.52,
47,395.82,
48,393.24,
49,387.9,
50,394.5,
51,395.64,
52,397.02,
53,384.66,
54,394.74,
55,384.72,
56,388.5,
57,387.72,
58,384.72,
59,389.58,
60,389.28,
61,388.38,
62,393.6,
63,392.4,
64,389.76,
65,401.94,
66,401.64,
67,405.3,
68,400.68,
69,406.92,
70,424.98,
71,444.48,
72,496.98,
73,550.98,
74,613.44,
75,664.8,
76,677.46,
77,690.84,
78,696.9,
79,690.78,
80,680.88,
81,669.78,
82,658.38,
83,657.72,
84,639.6,
85,647.46,
86,633.6,
87,636.18,
88,635.94,
89,631.5,
90,631.86,
91,619.08,
92,611.28,
93,613.5,
94,584.82,
95,580.74,
96,590.52,
97,588.96,
98,586.92,
99,596.4,
100,587.16,
101,593.4,
102,597.24,
103,564.48,
104,547.38,
105,525.66,

Comment for Sample 4202:,

Sample File,C:\Users\Public\Documents\Aerosol Instrument Manager\AIM1.6.C10
Model,3010

Sample #,4203,
Start Date,12/22/25,
Start Time,07:16:21,
Sample Length,01:45,
Averaging Interval (secs),1,
Title,,
Instrument ID,3010   F ,
Instrument Errors,None,

Mean,370.7,
Min,272.7,
Max,586.62,
Std. Dev.,84.9114,

Elapsed (s),Concentration (#/cm³),
1,393,
2,386.22,
3,378.06,
4,380.22,
5,375.3,
6,385.08,
7,373.98,
8,369.84,
9,378.84,
10,364.56,
11,361.08,
12,371.7,
13,359.88,
14,369.48,
15,372.9,
16,388.14,
17,383.46,
18,398.52,
19,381.84,
20,364.74,
21,350.7,
22,342.84,
23,335.76,
24,331.2,
25,334.68,
26,337.8,
27,330.6,
28,332.1,
29,334.14,
30,330.48,
31,326.7,
32,323.88,
33,329.34,
34,330.3,
35,330.84,
36,341.28,
37,365.82,
38,386.7,
39,404.94,
40,428.46,
41,445.5,
42,451.38,
43,472.92,
44,497.88,
45,506.1,
46,536.52,
47,556.38,
48,575.58,
49,586.62,
50,583.5,
51,569.76,
52,550.68,
53,524.1,
54,522.9,
55,511.14,
56,501.12,
57,490.32,
58,481.32,
59,493.44,
60,490.14,
61,470.64,
62,457.74,
63,447.18,
64,425.1,
65,402.48,
66,381,
67,367.98,
68,345.78,
69,337.2,
70,323.04,
71,325.02,
72,308.76,
73,309.18,
74,307.62,
75,302.64,
76,296.28,
77,298.56,
78,290.64,
79,286.86,
80,290.64,
81,283.2,
82,280.26,
83,285.36,
84,272.7,
85,286.38,
86,282.24,
87,281.82,
88,280.08,
89,275.94,
90,282,
91,284.64,
92,281.52,
93,286.86,
94,286.56,
95,290.34,
96,285.6,
97,279.72,
98,286.86,
99,289.08,
100,295.2,
101,288.48,
102,294.6,
103,289.5,
104,294.18,
105,293.34,

Comment for Sample 4203:,

Sample File,C:\Users\Public\Documents\Aerosol Instrument Manager\AIM1.6.C10
Model,3010

Sample #,4204,
Start Date,12/22/25,
Start Time,07:18:21,
Sample Length,01:45,
Averaging Interval (secs),1,
Title,,
Instrument ID,3010   F ,
Instrument Errors,None,

Mean,1636.83,
Min,349.08,
Max,4767.66,
Std. Dev.,1522.06,

Elapsed (s),Concentration (#/cm³),
1,492.66,
2,487.44,
3,482.52,
4,479.94,
5,480.24,
6,471.72,
7,475.2,
8,462.66,
9,464.1,
10,453.24,
11,451.38,
12,453.72,
13,450.42,
14,453.48,
15,448.86,
16,435.78,
17,431.7,
18,431.52,
19,434.4,
20,419.52,
21,421.2,
22,415.44,
23,416.34,
24,420.12,
25,404.64,
26,413.46,
27,407.28,
28,415.32,
29,409.92,
30,402.72,
31,393.06,
32,396.78,
33,376.32,
34,369.6,
35,352.14,
36,354.12,
37,360.84,
38,349.08,
39,361.74,
40,360.9,
41,357.36,
42,367.5,
43,358.2,
44,358.2,
45,364.62,
46,361.74,
47,373.08,
48,370.38,
49,387.42,
50,381.96,
51,388.14,
52,387.96,
53,390.78,
54,392.76,
55,386.58,
56,415.92,
57,555.96,
58,899.22,
59,1399.8,
60,1923.72,
61,2366.94,
62,2671.62,
63,2895.18,
64,3093.6,
65,3257.76,
66,3476.82,
67,3636.96,
68,3865.86,
69,4022.1,
70,4216.32,
71,4337.64,
72,4426.2,
73,4530.24,
74,4624.56,
75,4689.84,
76,4727.52,
77,4745.16,
78,4767.66,
79,4699.92,
80,4500.54,
81,4235.1,
82,3941.88,
83,3714.96,
84,3545.46,
85,3330.36,
86,3207.96,
87,3059.82,
88,2913.9,
89,2806.32,
90,2724.24,
91,2658.6,
92,2545.02,
93,2436.42,
94,2336.16,
95,2278.26,
96,2196,
97,2155.32,
98,2107.02,
99,2067.6,
100,1992.12,
101,1875.84,
102,1735.68,
103,1656,
104,1548.12,
105,1463.82,

Comment for Sample 4204:,

Sample File,C:\Users\Public\Documents\Aerosol Instrument Manager\AIM1.6.C10
Model,3010

Sample #,4205,
Start Date,12/22/25,
Start Time,07:20:21,
Sample Length,01:45,
Averaging Interval (secs),1,
Title,,
Instrument ID,3010   F ,
Instrument Errors,None,

Mean,1390.81,
Min,366.96,
Max,2413.32,
Std. Dev.,372.775,

Elapsed (s),Concentration (#/cm³),
1,366.96,
2,373.38,
3,501.66,
4,784.68,
5,981.6,
6,1089.42,
7,1139.34,
8,1169.34,
9,1208.28,
10,1205.28,
11,1216.02,
12,1208.1,
13,1205.22,
14,1207.62,
15,1214.46,
16,1210.68,
17,1217.94,
18,1203.12,
19,1207.8,
20,1207.98,
21,1213.74,
22,1219.86,
23,1220.64,
24,1193.58,
25,1207.14,
26,1201.56,
27,1217.94,
28,1206.42,
29,1213.44,
30,1201.92,
31,1217.28,
32,1222.98,
33,1238.16,
34,1240.08,
35,1254.06,
36,1261.56,
37,1250.46,
38,1233.54,
39,1259.76,
40,1263.96,
41,1241.04,
42,1236.84,
43,1255.8,
44,1259.7,
45,1253.16,
46,1282.5,
47,1302.12,
48,1302.36,
49,1311.84,
50,1304.64,
51,1324.38,
52,1310.88,
53,1324.14,
54,1307.88,
55,1330.86,
56,1344.84,
57,1361.46,
58,1378.74,
59,1425.42,
60,1481.22,
61,1558.8,
62,1687.26,
63,1898.28,
64,2115.18,
65,2283.06,
66,2392.74,
67,2413.32,
68,2387.94,
69,2370.96,
70,2307.24,
71,2228.76,
72,2146.2,
73,2054.22,
74,2032.68,
75,1994.94,
76,1939.86,
77,1844.28,
78,1748.82,
79,1648.8,
80,1546.98,
81,1471.38,
82,1439.34,
83,1398.66,
84,1392.18,
85,1372.8,
86,1376.34,
87,1378.5,
88,1362.3,
89,1365.06,
90,1366.32,
91,1347.06,
92,1326.66,
93,1325.46,
94,1327.92,
95,1329.18,
96,1311.96,
97,1306.92,
98,1303.02,
99,1293.6,
100,1294.92,
101,1316.04,
102,1312.8,
103,1291.32,
104,1314,
105,1313.88,

Comment for Sample 4205:,

Sample File,C:\Users\Public\Documents\Aerosol Instrument Manager\AIM1.6.C10
Model,3010

Sample #,4206,
Start Date,12/22/25,
Start Time,07:22:21,
Sample Length,01:45,
Averaging Interval (secs),1,
Title,,
Instrument ID,3010   F ,
Instrument Errors,None,

Mean,1649.11,
Min,1394.82,
Max,2050.44,
Std. Dev.,206.733,

Elapsed (s),Concentration (#/cm³),
1,1394.82,
2,1404.3,
3,1395.84,
4,1427.46,
5,1443.96,
6,1449.3,
7,1429.86,
8,1451.82,
9,1473.24,
10,1470,
11,1487.88,
12,1464.54,
13,1467.54,
14,1459.62,
15,1454.22,
16,1464.18,
17,1426.38,
18,1453.92,
19,1452.54,
20,1473.96,
21,1490.34,
22,1511.58,
23,1569.06,
24,1586.58,
25,1630.5,
26,1655.82,
27,1691.7,
28,1751.7,
29,1775.58,
30,1807.86,
31,1834.74,
32,1872.24,
33,1910.94,
34,1935.78,
35,1957.08,
36,1978.56,
37,2007.36,
38,2010.78,
39,2016.18,
40,2014.56,
41,2050.44,
42,2024.16,
43,2021.04,
44,2037.3,
45,2001.42,
46,2002.56,
47,2010.06,
48,1998.18,
49,1974.12,
50,1959.96,
51,1923.24,
52,1896.96,
53,1868.88,
54,1824.48,
55,1791.96,
56,1749,
57,1709.94,
58,1657.5,
59,1648.68,
60,1598.22,
61,1580.88,
62,1559.22,
63,1516.2,
64,1490.64,
65,1471.2,
66,1469.7,
67,1458,
68,1454.22,
69,1437.54,
70,1444.5,
71,1450.32,
72,1445.4,
73,1436.88,
74,1460.64,
75,1457.34,
76,1470.66,
77,1461.24,
78,1463.1,
79,1478.04,
80,1444.08,
81,1450.38,
82,1461.54,
83,1444.56,
84,1474.74,
85,1456.2,
86,1482.42,
87,1493.7,
88,1546.98,
89,1573.98,
90,1603.38,
91,1641.24,
92,1658.76,
93,1693.08,
94,1703.22,
95,1743.78,
96,1751.76,
97,1745.58,
98,1773.6,
99,1762.86,
100,1759.32,
101,1758.36,
102,1766.7,
103,1746.3,
104,1744.56,
105,1767.12,

Comment for Sample 4206:,

Sample File,C:\Users\Public\Documents\Aerosol Instrument Manager\AIM1.6.C10
Model,3010

Sample #,4207,
Start Date,12/22/25,
Start Time,07:24:21,
Sample Length,01:45,
Averaging Interval (secs),1,
Title,,
Instrument ID,3010   F ,
Instrument Errors,None,

Mean,1639.75,
Min,1496.94,
Max,1866.66,
Std. Dev.,90.3282,

Elapsed (s),Concentration (#/cm³),
1,1688.16,
2,1702.92,
3,1732.08,
4,1783.62,
5,1822.62,
6,1857.18,
7,1854.84,
8,1866.66,
9,1860.78,
10,1852.14,
11,1797.66,
12,1779.48,
13,1756.56,
14,1755.9,
15,1699.2,
16,1689.36,
17,1685.64,
18,1693.26,
19,1696.62,
20,1672.2,
21,1650.48,
22,1649.04,
23,1631.88,
24,1598.94,
25,1602.24,
26,1572.96,
27,1569.9,
28,1577.52,
29,1548.78,
30,1562.22,
31,1564.38,
32,1559.88,
33,1530.6,
34,1510.68,
35,1510.14,
36,1496.94,
37,1519.26,
38,1516.56,
39,1517.4,
40,1526.04,
41,1525.8,
42,1513.62,
43,1517.52,
44,1518.36,
45,1537.14,
46,1541.46,
47,1551.42,
48,1527.96,
49,1551.96,
50,1550.34,
51,1561.5,
52,1577.58,
53,1598.46,
54,1605,
55,1627.14,
56,1648.14,
57,1675.8,
58,1697.04,
59,1719.12,
60,1692.6,
61,1715.16,
62,1711.44,
63,1726.56,
64,1731.24,
65,1721.88,
66,1733.58,
67,1713.9,
68,1714.98,
69,1703.64,
70,1690.02,
71,1692.12,
72,1680.42,
73,1679.22,
74,1676.34,
75,1665.3,
76,1648.5,
77,1625.76,
78,1616.7,
79,1621.86,
80,1612.08,
81,1606.98,
82,1595.58,
83,1603.98,
84,1580.7,
85,1599.66,
86,1625.88,
87,1613.82,
88,1611.84,
89,1614.6,
90,1627.02,
91,1586.94,
92,1588.38,
93,1588.56,
94,1591.08,
95,1584.12,
96,1559.34,
97,1565.04,
98,1585.26,
99,1583.22,
100,1582.98,
101,1612.08,
102,1623.72,
103,1636.08,
104,1707.12,
105,1818.12,

Comment for Sample 4207:,

Sample File,C:\Users\Public\Documents\Aerosol Instrument Manager\AIM1.6.C10
Model,3010

Sample #,4208,
Start Date,12/22/25,
Start Time,07:26:21,
Sample Length,01:45,
Averaging Interval (secs),1,
Title,,
Instrument ID,3010   F ,
Instrument Errors,None,

Mean,2305.59,
Min,1939.38,
Max,4764.06,
Std. Dev.,572.416,

Elapsed (s),Concentration (#/cm³),
1,2122.02,
2,2106.12,
3,2120.04,
4,2099.7,
5,2102.28,
6,2082.6,
7,2089.44,
8,2123.1,
9,2111.82,
10,2127.24,
11,2108.52,
12,2124.24,
13,2076.78,
14,2099.34,
15,2082.78,
16,2081.82,
17,2075.88,
18,2053.26,
19,2036.88,
20,2034.24,
21,2011.86,
22,2001.54,
23,1984.8,
24,1984.8,
25,1998.54,
26,1975.14,
27,1995.42,
28,1981.86,
29,1957.62,
30,1939.38,
31,1943.58,
32,1972.14,
33,2015.76,
34,2064.96,
35,2083.14,
36,2100,
37,2121.78,
38,2146.26,
39,2157.54,
40,2167.92,
41,2172.24,
42,2165.4,
43,2161.26,
44,2180.94,
45,2160.66,
46,2175.06,
47,2189.82,
48,2175.6,
49,2181.96,
50,2179.68,
51,2146.8,
52,2134.92,
53,2121.48,
54,2088.72,
55,2078.46,
56,2039.46,
57,2031.78,
58,1984.32,
59,1973.1,
60,1965.72,
61,1959.9,
62,1980.84,
63,2038.92,
64,2071.62,
65,2109.96,
66,2122.14,
67,2116.92,
68,2140.86,
69,2137.74,
70,2150.1,
71,2150.1,
72,2179.08,
73,2211.12,
74,2250.18,
75,2306.1,
76,2327.22,
77,2343.12,
78,2359.62,
79,2344.74,
80,2316.96,
81,2292.24,
82,2262.66,
83,2240.04,
84,2220.66,
85,2224.86,
86,2236.62,
87,2189.58,
88,2194.74,
89,2185.14,
90,2217.96,
91,2246.64,
92,2296.5,
93,2394.18,
94,2554.02,
95,2717.7,
96,2935.86,
97,3145.86,
98,3334.14,
99,3567,
100,3809.16,
101,4091.52,
102,4313.34,
103,4580.7,
104,4685.4,
105,4764.06,

Comment for Sample 4208:,

Sample File,C:\Users\Public\Documents\Aerosol Instrument Manager\AIM1.6.C10
Model,3010

Sample #,4209,
Start Date,12/22/25,
Start Time,07:28:21,
Sample Length,01:45,
Averaging Interval (secs),1,
Title,,
Instrument ID,3010   F ,
Instrument Errors,None,

Mean,2915.6,
Min,2147.82,
Max,4556.52,
Std. Dev.,572.944,

Elapsed (s),Concentration (#/cm³),
1,4556.52,
2,4524.36,
3,4483.38,
4,4427.64,
5,4419,
6,4407.24,
7,4321.44,
8,4208.7,
9,4086.6,
10,3909.06,
11,3796.02,
12,3687.96,
13,3628.38,
14,3557.16,
15,3408.9,
16,3209.16,
17,2960.94,
18,2824.14,
19,2702.16,
20,2587.02,
21,2530.38,
22,2444.28,
23,2400.66,
24,2338.62,
25,2280.18,
26,2234.34,
27,2199.18,
28,2168.04,
29,2183.76,
30,2147.82,
31,2151.06,
32,2173.86,
33,2192.76,
34,2248.26,
35,2316.42,
36,2367.66,
37,2404.62,
38,2445,
39,2461.68,
40,2517.96,
41,2551.92,
42,2577.3,
43,2595.48,
44,2618.46,
45,2650.14,
46,2662.44,
47,2665.5,
48,2685.54,
49,2702.88,
50,2694.12,
51,2716.68,
52,2710.62,
53,2708.46,
54,2692.08,
55,2701.02,
56,2722.38,
57,2735.28,
58,2700.24,
59,2718.48,
60,2710.62,
61,2728.26,
62,2773.14,
63,2814.24,
64,2861.76,
65,2884.32,
66,2966.7,
67,2995.92,
68,3078.84,
69,3140.1,
70,3175.32,
71,3165.78,
72,3159.84,
73,3144.6,
74,3164.04,
75,3116.28,
76,3104.88,
77,3120.9,
78,3115.32,
79,3086.22,
80,3090.12,
81,3058.68,
82,3068.94,
83,3056.94,
84,3067.14,
85,3067.2,
86,3077.28,
87,3030.12,
88,3031.08,
89,3008.76,
90,2967.54,
91,2945.4,
92,2868.78,
93,2794.56,
94,2743.62,
95,2727.72,
96,2676.18,
97,2647.8,
98,2639.94,
99,2573.22,
100,2564.16,
101,2495.7,
102,2479.02,
103,2471.52,
104,2475.12,
105,2483.22,

Comment for Sample 4209:,

Sample File,C:\Users\Public\Documents\Aerosol Instrument Manager\AIM1.6.C10
Model,3010

Sample #,4210,
Start Date,12/22/25,
Start Time,07:30:21,
Sample Length,01:45,
Averaging Interval (secs),1,
Title,,
Instrument ID,3010   F ,
Instrument Errors,None,

Mean,2102.44,
Min,1858.8,
Max,2378.1,
Std. Dev.,143.508,

Elapsed (s),Concentration (#/cm³),
1,2296.92,
2,2297.58,
3,2309.16,
4,2334.48,
5,2328.96,
6,2324.58,
7,2305.08,
8,2285.22,
9,2248.5,
10,2217.36,
11,2173.92,
12,2169.18,
13,2144.76,
14,2153.94,
15,2139.84,
16,2171.94,
17,2158.98,
18,2173.5,
19,2202.9,
20,2203.8,
21,2174.58,
22,2167.74,
23,2159.1,
24,2144.76,
25,2135.82,
26,2123.64,
27,2095.92,
28,2115.9,
29,2092.62,
30,2106.84,
31,2120.82,
32,2147.82,
33,2178.36,
34,2226,
35,2255.28,
36,2265.96,
37,2314.08,
38,2327.34,
39,2349.3,
40,2365.5,
41,2373.84,
42,2378.1,
43,2360.4,
44,2353.5,
45,2334.6,
46,2286.42,
47,2243.64,
48,2196.66,
49,2156.58,
50,2143.44,
51,2122.92,
52,2106.96,
53,2098.5,
54,2086.38,
55,2102.88,
56,2062.02,
57,2062.26,
58,2051.46,
59,2060.28,
60,2085.66,
61,2116.32,
62,2140.62,
63,2126.22,
64,2106.72,
65,2064.18,
66,2047.32,
67,2039.4,
68,2009.22,
69,2009.34,
70,2019.96,
71,1993.86,
72,1963.92,
73,1954.86,
74,1963.8,
75,1951.26,
76,1961.76,
77,1976.04,
78,1963.62,
79,1958.82,
80,1966.92,
81,1992.84,
82,1978.8,
83,1997.28,
84,2000.52,
85,1963.2,
86,1948.98,
87,1921.02,
88,1904.04,
89,1893.9,
90,1858.8,
91,1870.74,
92,1892.94,
93,1886.1,
94,1897.56,
95,1912.2,
96,1883.82,
97,1915.56,
98,1928.7,
99,1908.78,
100,1928.4,
101,1935.96,
102,1936.2,
103,1955.76,
104,1968.78,
105,1966.44,

Comment for Sample 4210:,

Sample File,C:\Users\Public\Documents\Aerosol Instrument Manager\AIM1.6.C10
Model,3010

Sample #,4211,
Start Date,12/22/25,
Start Time,07:32:21,
Sample Length,01:45,
Averaging Interval (secs),1,
Title,,
Instrument ID,3010   F ,
Instrument Errors,None,

Mean,2484.93,
Min,1687.14,
Max,6584.34,
Std. Dev.,1149.87,

Elapsed (s),Concentration (#/cm³),
1,1721.16,
2,1733.88,
3,1724.58,
4,1720.32,
5,1728.66,
6,1740.9,
7,1728.66,
8,1739.1,
9,1758.24,
10,1771.02,
11,1786.68,
12,1782.6,
13,1775.88,
14,1783.86,
15,1797.78,
16,1783.92,
17,1780.38,
18,1765.56,
19,1768.56,
20,1769.28,
21,1775.7,
22,1778.82,
23,1782.84,
24,1798.08,
25,1786.56,
26,1780.86,
27,1783.5,
28,1792.86,
29,1784.46,
30,1772.94,
31,1768.62,
32,1778.52,
33,1812.96,
34,1877.64,
35,2038.86,
36,2297.7,
37,2539.8,
38,2658,
39,2723.04,
40,2698.44,
41,2639.64,
42,2591.46,
43,2557.02,
44,2516.34,
45,2504.52,
46,2485.14,
47,2486.52,
48,2480.82,
49,2498.82,
50,2511.78,
51,2557.14,
52,2554.14,
53,2578.98,
54,2595.3,
55,2601,
56,2621.4,
57,2580.18,
58,2541.66,
59,2532.6,
60,2530.2,
61,2509.08,
62,2476.38,
63,2446.8,
64,2447.7,
65,2422.98,
66,2403.6,
67,2381.4,
68,2287.32,
69,2206.74,
70,2137.56,
71,2103.54,
72,2057.82,
73,2003.1,
74,1981.02,
75,1928.16,
76,1853.7,
77,1804.02,
78,1768.56,
79,1726.92,
80,1708.74,
81,1687.14,
82,1696.26,
83,1698.18,
84,1721.4,
85,1742.76,
86,1780.14,
87,1850.82,
88,1928.4,
89,2072.52,
90,2265.42,
91,2506.14,
92,2866.26,
93,3387.96,
94,3948.42,
95,4551.12,
96,5130.18,
97,5754.18,
98,6218.04,
99,6552.18,
100,6584.34,
101,6248.16,
102,5748.36,
103,5206.86,
104,4708.62,
105,4252.98,

Comment for Sample 4211:,

Sample File,C:\Users\Public\Documents\Aerosol Instrument Manager\AIM1.6.C10
Model,3010

Sample #,4212,
Start Date,12/22/25,
Start Time,07:34:21,
Sample Length,01:45,
Averaging Interval (secs),1,
Title,,
Instrument ID,3010   F ,
Instrument Errors,None,

Mean,4409.77,
Min,615.18,
Max,27270.5,
Std. Dev.,5034.85,

Elapsed (s),Concentration (#/cm³),
1,2401.56,
2,2405.34,
3,2426.34,
4,2484.78,
5,2580,
6,2676.3,
7,2799,
8,2972.82,
9,3139.92,
10,3290.94,
11,3449.7,
12,3517.26,
13,3589.44,
14,3597,
15,3587.1,
16,3613.2,
17,3638.46,
18,3682.08,
19,3743.82,
20,3824.1,
21,3854.34,
22,3937.86,
23,3935.52,
24,3955.2,
25,3992.34,
26,3991.44,
27,4003.86,
28,3980.16,
29,3935.88,
30,3898.44,
31,3837.84,
32,3793.86,
33,3722.7,
34,3630.12,
35,3563.58,
36,3560.1,
37,3611.52,
38,3679.86,
39,3676.62,
40,3770.4,
41,3807.9,
42,3854.04,
43,3918.48,
44,3893.28,
45,3863.16,
46,3833.64,
47,3764.16,
48,3750.78,
49,3736.08,
50,3737.34,
51,3701.76,
52,3646.5,
53,3631.02,
54,3589.02,
55,3513.96,
56,3461.34,
57,3444.18,
58,3360.84,
59,3274.5,
60,3225.24,
61,3080.7,
62,3019.56,
63,2879.82,
64,2775.6,
65,2739.9,
66,2656.5,
67,2615.82,
68,2559.9,
69,2525.94,
70,2511.24,
71,2474.64,
72,2471.04,
73,2445.72,
74,2435.28,
75,2423.04,
76,2320.32,
77,2305.98,
78,2266.14,
79,2229.36,
80,2201.1,
81,2231.4,
82,2286.96,
83,2327.94,
84,2400.96,
85,2450.16,
86,2512.02,
87,2536.44,
88,2611.5,
89,4630.92,
90,11577.9,
91,19745.1,
92,24662.3,
93,26219.3,
94,27270.5,
95,26202.6,
96,19197.5,
97,9800.88,
98,4111.08,
99,1946.94,
100,1139.04,
101,842.46,
102,718.26,
103,663,
104,630.24,
105,615.18,

Comment for Sample 4212:,

Sample File,C:\Users\Public\Documents\Aerosol Instrument Manager\AIM1.6.C10
Model,3010

Sample #,4213,
Start Date,12/22/25,
Start Time,07:36:21,
Sample Length,01:45,
Averaging Interval (secs),1,
Title,,
Instrument ID,3010   F ,
Instrument Errors,None,

Mean,467.918,
Min,425.34,
Max,514.2,
Std. Dev.,23.1958,

Elapsed (s),Concentration (#/cm³),
1,485.04,
2,495.96,
3,481.08,
4,507.9,
5,508.32,
6,504.12,
7,501.72,
8,501.12,
9,499.8,
10,500.7,
11,497.04,
12,495.72,
13,494.58,
14,484.02,
15,485.34,
16,473.52,
17,461.4,
18,457.38,
19,439.74,
20,437.58,
21,445.86,
22,439.68,
23,425.34,
24,434.7,
25,430.02,
26,429.54,
27,435.06,
28,432.9,
29,438.66,
30,433.5,
31,445.02,
32,446.64,
33,452.4,
34,456.72,
35,446.82,
36,459.06,
37,456.18,
38,457.92,
39,455.16,
40,456.3,
41,454.14,
42,464.1,
43,450.12,
44,456.3,
45,455.94,
46,448.32,
47,447.24,
48,453.12,
49,461.58,
50,465.66,
51,448.26,
52,450,
53,454.86,
54,460.44,
55,472.2,
56,454.74,
57,458.46,
58,468.48,
59,465.48,
60,460.56,
61,458.4,
62,465.66,
63,457.92,
64,470.46,
65,471.6,
66,466.02,
67,473.1,
68,477.42,
69,481.02,
70,471.6,
71,478.98,
72,478.26,
73,476.4,
74,476.4,
75,481.98,
76,490.98,
77,501.78,
78,513.42,
79,514.2,
80,501.12,
81,502.8,
82,510.84,
83,497.46,
84,501.3,
85,502.14,
86,507.06,
87,507.3,
88,494.16,
89,479.88,
90,486.06,
91,469.08,
92,470.4,
93,472.26,
94,465.9,
95,461.34,
96,464.28,
97,458.64,
98,449.04,
99,453.72,
100,432.42,
101,446.52,
102,441.06,
103,437.34,
104,438.72,
105,435.42,

Comment for Sample 4213:,

Sample File,C:\Users\Public\Documents\Aerosol Instrument Manager\AIM1.6.C10
Model,3010

Sample #,4214,
Start Date,12/22/25,
Start Time,07:38:21,
Sample Length,01:45,
Averaging Interval (secs),1,
Title,,
Instrument ID,3010   F ,
Instrument Errors,None,

Mean,455.3,
Min,404.28,
Max,539.7,
Std. Dev.,42.1815,

Elapsed (s),Concentration (#/cm³),
1,442.5,
2,434.94,
3,445.74,
4,444.12,
5,458.04,
6,453.84,
7,460.86,
8,460.86,
9,474.66,
10,488.82,
11,509.76,
12,523.32,
13,528.66,
14,527.76,
15,531.06,
16,535.32,
17,538.62,
18,539.7,
19,529.74,
20,534.66,
21,528.78,
22,539.04,
23,528.42,
24,532.74,
25,527.28,
26,526.62,
27,532.98,
28,522.24,
29,537.96,
30,526.56,
31,532.02,
32,514.74,
33,504.9,
34,506.82,
35,483.9,
36,484.32,
37,464.16,
38,451.14,
39,446.88,
40,445.38,
41,450.12,
42,442.74,
43,433.8,
44,443.22,
45,442.56,
46,439.5,
47,445.02,
48,436.56,
49,441.48,
50,445.14,
51,443.64,
52,435.36,
53,442.14,
54,436.14,
55,435,
56,434.16,
57,422.1,
58,436.68,
59,427.02,
60,425.76,
61,425.1,
62,431.76,
63,433.38,
64,430.86,
65,425.22,
66,414.78,
67,427.08,
68,422.28,
69,428.7,
70,425.22,
71,415.68,
72,429.24,
73,425.04,
74,425.28,
75,429.6,
76,421.68,
77,424.08,
78,428.34,
79,419.94,
80,421.08,
81,424.8,
82,420.78,
83,418.26,
84,421.62,
85,413.46,
86,422.22,
87,411.6,
88,423.84,
89,428.34,
90,419.34,
91,423.84,
92,431.1,
93,433.8,
94,426.72,
95,434.64,
96,433.2,
97,432.96,
98,421.62,
99,421.44,
100,418.92,
101,418.98,
102,420.72,
103,408.9,
104,408.78,
105,404.28,

Comment for Sample 4214:,

Sample File,C:\Users\Public\Documents\Aerosol Instrument Manager\AIM1.6.C10
Model,3010

Sample #,4215,
Start Date,12/22/25,
Start Time,07:40:21,
Sample Length,01:45,
Averaging Interval (secs),1,
Title,,
Instrument ID,3010   F ,
Instrument Errors,None,

Mean,418.313,
Min,385.62,
Max,499.44,
Std. Dev.,34.3713,

Elapsed (s),Concentration (#/cm³),
1,412.68,
2,418.26,
3,410.76,
4,413.94,
5,402.3,
6,407.16,
7,402.36,
8,404.22,
9,415.38,
10,405.24,
11,410.76,
12,403.26,
13,408.54,
14,408,
15,409.2,
16,395.7,
17,404.7,
18,396.96,
19,403.44,
20,399,
21,398.04,
22,385.92,
23,398.04,
24,398.1,
25,394.62,
26,393.54,
27,392.58,
28,393,
29,393.24,
30,389.22,
31,395.94,
32,392.1,
33,385.62,
34,398.1,
35,396.84,
36,391.38,
37,385.62,
38,397.26,
39,398.46,
40,407.1,
41,391.44,
42,414.66,
43,399.18,
44,394.92,
45,398.52,
46,399.36,
47,385.92,
48,388.14,
49,391.74,
50,405.48,
51,402.24,
52,408.9,
53,399,
54,399.66,
55,404.58,
56,403.32,
57,391.14,
58,400.38,
59,388.86,
60,399.06,
61,393.72,
62,397.56,
63,398.1,
64,396.3,
65,401.7,
66,398.7,
67,389.1,
68,395.22,
69,403.62,
70,401.82,
71,421.32,
72,455.52,
73,473.88,
74,483.24,
75,491.04,
76,499.32,
77,499.44,
78,499.2,
79,496.56,
80,495.6,
81,491.22,
82,496.38,
83,498.96,
84,495.12,
85,498.84,
86,491.04,
87,474.36,
88,471.3,
89,464.64,
90,452.52,
91,455.28,
92,447.48,
93,443.94,
94,434.04,
95,424.14,
96,419.88,
97,420.24,
98,419.1,
99,415.98,
100,408.42,
101,406.08,
102,404.28,
103,403.92,
104,394.26,
105,417.36,

Comment for Sample 4215:,

Sample File,C:\Users\Public\Documents\Aerosol Instrument Manager\AIM1.6.C10
Model,3010

Sample #,4216,
Start Date,12/22/25,
Start Time,07:42:21,
Sample Length,01:45,
Averaging Interval (secs),1,
Title,,
Instrument ID,3010   F ,
Instrument Errors,None,

Mean,460.389,
Min,349.74,
Max,692.46,
Std. Dev.,113.046,

Elapsed (s),Concentration (#/cm³),
1,523.56,
2,553.26,
3,603.6,
4,643.86,
5,665.58,
6,683.52,
7,692.46,
8,685.74,
9,690.72,
10,672.36,
11,675.48,
12,682.14,
13,682.5,
14,676.62,
15,667.02,
16,651.48,
17,635.88,
18,620.76,
19,623.46,
20,623.28,
21,611.1,
22,620.94,
23,606.12,
24,609.18,
25,602.46,
26,600.3,
27,572.52,
28,553.08,
29,555.72,
30,538.44,
31,531.18,
32,522.78,
33,496.68,
34,481.74,
35,465.06,
36,445.32,
37,431.88,
38,408.48,
39,406.62,
40,409.08,
41,394.8,
42,400.02,
43,387.72,
44,385.02,
45,377.4,
46,377.28,
47,377.1,
48,372.3,
49,363.78,
50,361.44,
51,363,
52,364.86,
53,367.56,
54,361.44,
55,358.32,
56,358.5,
57,351.9,
58,349.74,
59,363.12,
60,363.84,
61,355.44,
62,376.02,
63,371.94,
64,368.94,
65,364.32,
66,378.54,
67,373.14,
68,372.84,
69,370.2,
70,368.94,
71,367.86,
72,374.1,
73,374.58,
74,375.3,
75,372.12,
76,401.46,
77,393.96,
78,402.42,
79,401.52,
80,401.1,
81,396.66,
82,399.6,
83,396,
84,390.06,
85,386.4,
86,388.56,
87,393.72,
88,375.18,
89,378.48,
90,381.84,
91,382.14,
92,381.12,
93,372.6,
94,379.86,
95,377.46,
96,386.34,
97,396,
98,406.02,
99,414.3,
100,419.1,
101,429.06,
102,425.76,
103,429.24,
104,431.94,
105,437.52,

Comment for Sample 4216:,

Sample File,C:\Users\Public\Documents\Aerosol Instrument Manager\AIM1.6.C10
Model,3010

Sample #,4217,
Start Date,12/22/25,
Start Time,07:44:21,
Sample Length,01:45,
Averaging Interval (secs),1,
Title,,
Instrument ID,3010   F ,
Instrument Errors,None,

Mean,450.555,
Min,362.22,
Max,825.6,
Std. Dev.,85.2761,

Elapsed (s),Concentration (#/cm³),
1,386.16,
2,378.42,
3,372.6,
4,372.3,
5,362.88,
6,366.9,
7,362.22,
8,371.16,
9,378.06,
10,380.94,
11,377.58,
12,395.34,
13,391.26,
14,397.08,
15,389.46,
16,403.8,
17,416.1,
18,418.14,
19,439.98,
20,440.22,
21,446.82,
22,449.34,
23,433.74,
24,434.88,
25,412.62,
26,416.82,
27,404.76,
28,399.96,
29,404.82,
30,414.18,
31,414.78,
32,409.5,
33,431.52,
34,425.1,
35,435.78,
36,440.4,
37,437.1,
38,437.16,
39,423.72,
40,418.92,
41,418.32,
42,415.5,
43,427.02,
44,417.6,
45,418.02,
46,414,
47,426.6,
48,421.86,
49,416.64,
50,421.08,
51,424.44,
52,422.58,
53,421.44,
54,429.3,
55,413.52,
56,430.08,
57,424.38,
58,425.76,
59,423.72,
60,430.86,
61,439.14,
62,431.76,
63,418.38,
64,420.3,
65,416.7,
66,415.86,
67,414.18,
68,414.6,
69,412.44,
70,418.32,
71,420.3,
72,433.56,
73,466.8,
74,502.08,
75,511.92,
76,535.98,
77,545.58,
78,554.34,
79,563.1,
80,586.92,
81,595.32,
82,603.06,
83,610.26,
84,584.04,
85,546.9,
86,505.2,
87,474.78,
88,452.34,
89,429.84,
90,427.62,
91,413.7,
92,402.48,
93,415.92,
94,422.04,
95,415.14,
96,422.76,
97,431.34,
98,433.62,
99,455.82,
100,508.56,
101,593.94,
102,693.06,
103,771.9,
104,815.52,
105,825.6,

Comment for Sample 4217:,

Sample File,C:\Users\Public\Documents\Aerosol Instrument Manager\AIM1.6.C10
Model,3010

Sample #,4218,
Start Date,12/22/25,
Start Time,07:46:21,
Sample Length,01:45,
Averaging Interval (secs),1,
Title,,
Instrument ID,3010   F ,
Instrument Errors,None,

Mean,801.242,
Min,546.54,
Max,1335.12,
Std. Dev.,203.16,

Elapsed (s),Concentration (#/cm³),
1,732.96,
2,718.68,
3,670.44,
4,659.04,
5,632.7,
6,616.8,
7,606.84,
8,583.32,
9,579.18,
10,570.24,
11,582.3,
12,611.28,
13,670.32,
14,743.22,
15,806.58,
16,808.8,
17,811.14,
18,797.64,
19,782.46,
20,793.38,
21,812.52,
22,785.94,
23,786.96,
24,750.78,
25,756.78,
26,770.58,
27,770.46,
28,791.58,
29,801.48,
30,792.12,
31,778.56,
32,808.26,
33,845.04,
34,863.82,
35,885.12,
36,865.62,
37,845.04,
38,829.56,
39,815.58,
40,799.86,
41,765,
42,763.2,
43,715.38,
44,667.2,
45,645.72,
46,627.54,
47,612.66,
48,585.72,
49,579.48,
50,573.78,
51,561.36,
52,552.96,
53,546.54,
54,558.06,
55,578.64,
56,611.04,
57,623.52,
58,619.74,
59,630.48,
60,621.96,
61,613.92,
62,600.24,
63,574.2,
64,565.32,
65,558.12,
66,558.54,
67,594.06,
68,733.8,
69,888.48,
70,1001.94,
71,1036.56,
72,1004.34,
73,992.16,
74,943.74,
75,905.7,
76,872.16,
77,829.56,
78,791.64,
79,758.46,
80,749.16,
81,781.5,
82,798.48,
83,837.48,
84,912.12,
85,973.62,
86,1062.06,
87,1142.1,
88,1207.86,
89,1270.8,
90,1299.06,
91,1333.38,
92,1335.12,
93,1312.02,
94,1277.1,
95,1243.2,
96,1199.46,
97,1161.66,
98,1099.56,
99,1035.24,
100,984.84,
101,900.24,
102,846.78,
103,760.86,
104,722.04,
105,688.74,

Comment for Sample 4218:,

Sample File,C:\Users\Public\Documents\Aerosol Instrument Manager\AIM1.6.C10
Model,3010

Sample #,4219,
Start Date,12/22/25,
Start Time,07:48:21,
Sample Length,01:45,
Averaging Interval (secs),1,
Title,,
Instrument ID,3010   F ,
Instrument Errors,None,

Mean,518.568,
Min,384.66,
Max,1060.68,
Std. Dev.,142.035,

Elapsed (s),Concentration (#/cm³),
1,662.4,
2,707.16,
3,751.8,
4,803.16,
5,879.36,
6,949.08,
7,1023.36,
8,1060.68,
9,1034.4,
10,927.78,
11,815.76,
12,725.46,
13,641.88,
14,587.34,
15,543.48,
16,512.52,
17,499.86,
18,512.82,
19,517.98,
20,518.16,
21,517.08,
22,506.52,
23,502.62,
24,478.98,
25,447.9,
26,450.36,
27,442.02,
28,426.9,
29,428.88,
30,425.76,
31,419.34,
32,400.44,
33,410.46,
34,395.82,
35,388.44,
36,395.04,
37,386.58,
38,398.22,
39,412.08,
40,430.2,
41,440.28,
42,458.28,
43,482.04,
44,499.2,
45,518.64,
46,534.9,
47,548.1,
48,554.58,
49,541.98,
50,537.66,
51,531.24,
52,531.54,
53,523.32,
54,528.12,
55,547.98,
56,551.28,
57,544.98,
58,549.72,
59,538.8,
60,537.36,
61,531.24,
62,530.58,
63,514.08,
64,528.48,
65,495.48,
66,491.34,
67,472.32,
68,465.06,
69,468.36,
70,437.82,
71,415.38,
72,412.26,
73,398.1,
74,388.02,
75,384.66,
76,389.46,
77,386.7,
78,428.7,
79,487.44,
80,536.82,
81,568.56,
82,567.96,
83,550.26,
84,525.9,
85,502.98,
86,488.82,
87,475.8,
88,467.34,
89,454.86,
90,451.8,
91,440.34,
92,439.62,
93,426.3,
94,426.84,
95,423.84,
96,423.42,
97,410.28,
98,407.52,
99,412.32,
100,414.42,
101,429.72,
102,426.12,
103,426.42,
104,427.8,
105,460.02,

Comment for Sample 4219:,

Sample File,C:\Users\Public\Documents\Aerosol Instrument Manager\AIM1.6.C10
Model,3010

Sample #,4220,
Start Date,12/22/25,
Start Time,07:50:21,
Sample Length,01:45,
Averaging Interval (secs),1,
Title,,
Instrument ID,3010   F ,
Instrument Errors,None,

Mean,2387.29,
Min,572.34,
Max,6080.76,
Std. Dev.,1559.32,

Elapsed (s),Concentration (#/cm³),
1,1219.5,
2,1307.34,
3,1370.88,
4,1484.16,
5,1601.4,
6,1675.68,
7,1763.46,
8,1775.04,
9,1720.56,
10,1610.1,
11,1472.22,
12,1327.68,
13,1187.58,
14,1033.38,
15,894.66,
16,790.14,
17,720.48,
18,650.64,
19,610.74,
20,572.34,
21,575.64,
22,601.74,
23,670.68,
24,764.88,
25,811.32,
26,806.64,
27,737.46,
28,672.6,
29,699.72,
30,1050.6,
31,1659.12,
32,2055.66,
33,2215.68,
34,2242.02,
35,2192.76,
36,2084.88,
37,1988.88,
38,1885.08,
39,1845.9,
40,1792.08,
41,1767,
42,1801.98,
43,1880.34,
44,1983.72,
45,1999.92,
46,1987.38,
47,1949.7,
48,1911.72,
49,1845.96,
50,1825.5,
51,1837.98,
52,1835.52,
53,1857.24,
54,1876.2,
55,1848.6,
56,1854.84,
57,1845.24,
58,1825.56,
59,1810.74,
60,1799.58,
61,1804.44,
62,1816.26,
63,1838.28,
64,1831.38,
65,1842.3,
66,1870.86,
67,1881.72,
68,1903.98,
69,1902.6,
70,1918.56,
71,1948.32,
72,1948.74,
73,1980.24,
74,2048.7,
75,2129.88,
76,2193.78,
77,2261.46,
78,2336.1,
79,2366.64,
80,2449.5,
81,2574.72,
82,2714.46,
83,2885.64,
84,3108.72,
85,3396.72,
86,3631.14,
87,3843.48,
88,3970.74,
89,4149.36,
90,4317,
91,4601.4,
92,5021.52,
93,5405.1,
94,5744.7,
95,5926.5,
96,6000.6,
97,5978.76,
98,6011.22,
99,5947.92,
100,5937,
101,5939.1,
102,5879.04,
103,5885.52,
104,5954.52,
105,6080.76,

Comment for Sample 4220:,

Sample File,C:\Users\Public\Documents\Aerosol Instrument Manager\AIM1.6.C10
Model,3010

Sample #,4221,
Start Date,12/22/25,
Start Time,07:52:21,
Sample Length,01:45,
Averaging Interval (secs),1,
Title,,
Instrument ID,3010   F ,
Instrument Errors,None,

Mean,7782.39,
Min,2472.66,
Max,17667.6,
Std. Dev.,4624.65,

Elapsed (s),Concentration (#/cm³),
1,4600.26,
2,4646.22,
3,4683.84,
4,4683.36,
5,4663.44,
6,4627.92,
7,4576.74,
8,4549.8,
9,4523.16,
10,4473.66,
11,4387.44,
12,4231.14,
13,4076.34,
14,3832.86,
15,3588.84,
16,3332.88,
17,3091.2,
18,2885.58,
19,2727.06,
20,2613.66,
21,2500.02,
22,2472.66,
23,2491.68,
24,2575.62,
25,2616.66,
26,2694.84,
27,2713.38,
28,2757.54,
29,2732.94,
30,2731.74,
31,2701.32,
32,2647.08,
33,2641.68,
34,2624.22,
35,2641.74,
36,2684.4,
37,2846.88,
38,3166.26,
39,3555.3,
40,4007.76,
41,4479.78,
42,4850.64,
43,5396.28,
44,6488.7,
45,8432.58,
46,10763.5,
47,12611.9,
48,14070.5,
49,15263.1,
50,16216.9,
51,16825,
52,17231.3,
53,17502.6,
54,17667.6,
55,17497.7,
56,17056.9,
57,16431.3,
58,15664.8,
59,14929.3,
60,14306.5,
61,13556.6,
62,12830.1,
63,12206,
64,11924.6,
65,11809.8,
66,11689.6,
67,11633.5,
68,11600.2,
69,11532.4,
70,11521.8,
71,11456.6,
72,11361.3,
73,11203,
74,11050.7,
75,10707.7,
76,10369.1,
77,10237.3,
78,10236.5,
79,10463.2,
80,10639.1,
81,10770.4,
82,10755,
83,10717.5,
84,10530.2,
85,10363.2,
86,10187,
87,9976.2,
88,9779.88,
89,9702.06,
90,9542.04,
91,9278.1,
92,8784,
93,8057.28,
94,7440.42,
95,6868.86,
96,6349.14,
97,5973.18,
98,5584.02,
99,5152.68,
100,4677.3,
101,4222.2,
102,3852.36,
103,3577.62,
104,3400.02,
105,3294.78,

Comment for Sample 4221:,

Sample File,C:\Users\Public\Documents\Aerosol Instrument Manager\AIM1.6.C10
Model,3010

Sample #,4222,
Start Date,12/22/25,
Start Time,07:54:21,
Sample Length,01:45,
Averaging Interval (secs),1,
Title,,
Instrument ID,3010   F ,
Instrument Errors,None,

Mean,3069.31,
Min,1876.5,
Max,4384.8,
Std. Dev.,768.161,

Elapsed (s),Concentration (#/cm³),
1,3725.28,
2,3746.16,
3,3750.66,
4,3745.98,
5,3750.36,
6,3768,
7,3785.52,
8,3829.92,
9,3870.96,
10,3913.98,
11,3976.02,
12,4033.62,
13,4084.8,
14,4109.16,
15,4144.92,
16,4192.32,
17,4214.94,
18,4190.76,
19,4133.82,
20,4118.82,
21,4191.84,
22,4253.82,
23,4329.72,
24,4353.9,
25,4380.42,
26,4373.58,
27,4384.8,
28,4371.24,
29,4309.26,
30,4140.48,
31,3904.68,
32,3668.88,
33,3504.72,
34,3360.96,
35,3250.2,
36,3172.68,
37,3139.68,
38,3125.7,
39,3135.9,
40,3192.84,
41,3179.7,
42,3117.18,
43,3059.4,
44,2967.18,
45,2842.74,
46,2789.52,
47,2713.92,
48,2644.44,
49,2592.78,
50,2575.02,
51,2547,
52,2557.68,
53,2586.96,
54,2606.52,
55,2651.46,
56,2683.86,
57,2740.26,
58,2836.32,
59,2889.96,
60,2990.4,
61,3067.74,
62,3145.32,
63,3197.1,
64,3193.08,
65,3203.28,
66,3186.12,
67,3174.96,
68,3088.68,
69,3002.22,
70,2989.74,
71,2951.94,
72,2934.42,
73,2928.84,
74,2911.98,
75,2862.6,
76,2834.4,
77,2778.84,
78,2704.02,
79,2578.44,
80,2482.26,
81,2422.14,
82,2341.92,
83,2268.6,
84,2241.78,
85,2174.4,
86,2167.92,
87,2160.48,
88,2143.98,
89,2162.1,
90,2151.3,
91,2143.74,
92,2142.72,
93,2095.56,
94,2029.14,
95,1981.2,
96,1961.34,
97,1921.74,
98,1901.46,
99,1887,
100,1876.5,
101,1893.24,
102,1905.36,
103,1928.04,
104,1960.8,
105,1995.12,

Comment for Sample 4222:,

Sample File,C:\Users\Public\Documents\Aerosol Instrument Manager\AIM1.6.C10
Model,3010

Sample #,4223,
Start Date,12/22/25,
Start Time,07:56:21,
Sample Length,01:45,
Averaging Interval (secs),1,
Title,,
Instrument ID,3010   F ,
Instrument Errors,None,

Mean,31038.7,
Min,1818.48,
Max,45193.6,
Std. Dev.,18597.3,

Elapsed (s),Concentration (#/cm³),
1,2238.06,
2,2142.78,
3,2086.38,
4,2018.7,
5,1979.1,
6,1962.72,
7,1916.82,
8,1886.46,
9,1864.08,
10,1836.06,
11,1819.98,
12,1837.92,
13,1818.48,
14,1828.38,
15,1874.94,
16,1983.06,
17,2142.36,
18,2262.6,
19,2345.34,
20,2410.8,
21,2435.22,
22,2457.78,
23,2460.6,
24,2437.8,
25,2438.82,
26,2462.34,
27,2434.02,
28,2416.14,
29,2404.74,
30,3208.98,
31,15277.6,
32,36943.9,
33,42903.1,
34,42641,
35,43034,
36,43562,
37,43869.8,
38,43981.6,
39,43979.2,
40,43906.3,
41,43722.8,
42,43415.4,
43,43128.4,
44,42986.8,
45,43162.1,
46,43445.2,
47,43785,
48,44087.5,
49,44258,
50,44294.2,
51,44449,
52,44694.7,
53,44885.1,
54,45049.6,
55,45092.8,
56,45101.7,
57,45117.9,
58,45135.6,
59,45193.6,
60,45074.6,
61,45033.2,
62,44974.1,
63,44900.6,
64,44880.7,
65,44989.3,
66,45055.7,
67,45103.7,
68,45122.3,
69,45077,
70,45065.6,
71,44951.2,
72,44976,
73,44993.7,
74,44986,
75,45004.6,
76,45018.7,
77,45042.9,
78,45147.2,
79,45175.1,
80,45100.6,
81,44828,
82,44418.4,
83,44122.9,
84,43708.4,
85,43330,
86,43055.8,
87,42894.5,
88,42566.3,
89,42275.8,
90,41833.1,
91,41448.7,
92,41158.4,
93,40903.6,
94,40550.5,
95,39838.9,
96,39143.5,
97,38466.7,
98,37818.7,
99,37333.9,
100,36993.7,
101,36777.4,
102,36507.7,
103,36177.7,
104,35747.6,
105,34980.1,

Comment for Sample 4223:,

Sample File,C:\Users\Public\Documents\Aerosol Instrument Manager\AIM1.6.C10
Model,3010

Sample #,4224,
Start Date,12/22/25,
Start Time,07:58:21,
Sample Length,01:45,
Averaging Interval (secs),1,
Title,,
Instrument ID,3010   F ,
Instrument Errors,None,

Mean,24785.4,
Min,19160.9,
Max,29912.2,
Std. Dev.,3315.43,

Elapsed (s),Concentration (#/cm³),
1,29486.9,
2,29562.3,
3,29659.1,
4,29717.3,
5,29814.7,
6,29903.2,
7,29912.2,
8,29863.7,
9,29645.3,
10,29452,
11,29299.3,
12,28984.7,
13,28764.7,
14,28505.6,
15,28197.7,
16,27886.2,
17,27652.3,
18,27664,
19,27709.7,
20,28065.2,
21,28284.4,
22,28641.2,
23,28791.3,
24,28976.9,
25,29001,
26,28769.2,
27,28491.8,
28,28182,
29,27812.5,
30,27452.1,
31,27307.6,
32,27280,
33,27126.1,
34,26915.3,
35,26495.9,
36,25852.2,
37,25185.8,
38,24460.3,
39,23739.8,
40,23250.4,
41,23010.4,
42,22950.5,
43,23333.8,
44,23900.5,
45,24286.3,
46,24784.6,
47,25055.6,
48,25413.5,
49,25521.1,
50,25612.8,
51,25612.7,
52,25563.3,
53,25528.1,
54,25485.2,
55,25465.5,
56,25474.6,
57,25451.6,
58,25460.3,
59,25409.3,
60,25410.7,
61,25454.2,
62,25464.4,
63,25295.1,
64,25280.3,
65,25237.9,
66,25203.8,
67,25148,
68,25069.4,
69,24930.4,
70,24534.2,
71,24037.6,
72,23430.8,
73,23008.3,
74,22775.1,
75,22526.8,
76,22251.6,
77,22066.6,
78,21924.4,
79,21835.4,
80,21661.6,
81,21566.6,
82,21549.5,
83,21497.9,
84,21411.4,
85,21297.2,
86,21255,
87,21128.8,
88,21081.5,
89,20870.1,
90,20608.6,
91,20364.2,
92,20106.4,
93,19865.9,
94,19691.1,
95,19495.2,
96,19349.4,
97,19295.8,
98,19173.4,
99,19160.9,
100,19206.3,
101,19204.1,
102,19316,
103,19367.4,
104,19470,
105,19503.2,

Comment for Sample 4224:,

